sha|filetype|author
72b27ab6ea0ee623ca7db35f0a5effc885301a72|md|mellybess
5d8e17e4f8d48e8db77f03acb4197681108dcb71|md|mellybess
5851161fe37a35e8d02532f4ba9328194487bd97|md|mellybess
82cfc186fd4bfb3164c5fce4928aa4c87bca0e76|md|JennieOhyoung
ea43a782b1a210d8627a61d60e3639fadf3dbe77|md|fatcomma
259a6469f1d7e2a9f702fd5f252d54d3feeebaba|md|JennieOhyoung
8bfd834f7041c04219eff57c36cb185c32da1828|md|pravipati
32245a2c4f49a1efc16e180ff093d8374c86d02f|md|bas
c091979ec0cdf1ebee9dcf89257192639b5801b9|md|mellybess
f24ee74ebace6d4c7a5760f90437df7cffd4530d|md|davideg
2981cfd9ac22c354201e3bfdea3f795d37e4a985|md|davideg
